skiregion1,skiregion2,ort,length_total_slope,length_blue_slope,length_red_slope,length_black_slope,altitude_start,altitude_end,altitude_difference,number_of_ski_lifts,price_day_pass_chf,price_day_pass_euro,rating,lat,lon,canton
Reckingen,,Reckingen,1.2,1.2,0.0,0.0,1333,1445,112,2,27.0,29.0,2.1,46.469688415527344,8.241734504699707,VS
Ghöch,,Ghöch,1.0,0.8,0.2,0.0,1000,1060,60,2,22.0,23.0,2.1,47.31350326538086,8.913859367370605,ZH
Wasen im Emmental,,Wasen im Emmental,1.0,1.0,0.0,0.0,840,910,70,2,22.0,23.0,2.1,47.04363250732422,7.795709133148193,BE
Selfranga,Klosters,Klosters,1.2,1.2,0.0,0.0,1186,1354,168,2,30.0,32.0,2.1,46.88248062133789,9.87321662902832,GR
Basse Ruche,,Basse Ruche,1.0,1.0,0.0,0.0,1087,1125,38,2,20.0,21.0,2.1,46.44865798950195,6.159186363220215,VD
Krinau,,Krinau,0.6,0.4,0.2,0.0,820,908,88,1,,,2.1,47.32724380493164,9.050522804260254,SG
Gambarogno,,Gambarogno,1.0,1.0,0.0,0.0,1395,1595,200,2,22.0,23.0,2.1,46.11322021484375,8.829008102416992,TI
Grenchenberg,Grenchen,Grenchen,0.8,0.8,0.0,0.0,1240,1350,110,2,24.0,26.0,2.1,46.82744598388672,7.276194095611572,FR
Realp,,Realp,1.0,1.0,0.0,0.0,1550,1660,110,2,29.0,31.0,2.1,46.59867858886719,8.502817153930664,UR
Casaccia,,Casaccia,0.5,0.5,0.0,0.0,1550,1600,50,1,20.0,21.0,2.1,46.37986755371094,9.651991844177246,GR
Gadmen,,Gadmen,0.5,0.5,0.0,0.0,1205,1300,95,1,18.0,19.0,2.1,46.89348220825195,8.419583320617676,NW
Langis,,Langis,0.7,0.7,0.0,0.0,1450,1517,67,1,24.0,26.0,2.1,46.893402099609375,8.12642765045166,OW
Saas-Balen,,Saas-Balen,0.5,0.5,0.0,0.0,1472,1521,49,1,16.0,17.0,2.1,46.16138458251953,7.9234819412231445,VS
Gähwil,,Gähwil,0.8,0.8,0.0,0.0,760,905,145,1,28.0,30.0,2.1,47.40010070800781,9.006078720092773,SG
Bündalift,Davos,Davos,0.6,0.6,0.0,0.0,1556,1714,158,1,30.0,32.0,2.1,46.70589065551758,9.153645515441895,GR
Gurnigelbad,,Gurnigelbad,0.7,0.7,0.0,0.0,1150,1250,100,1,28.0,30.0,2.1,46.761558532714844,7.443129539489746,BE
Bäretswil,,Bäretswil,1.0,1.0,0.0,0.0,725,835,110,3,22.0,23.0,2.1,47.322540283203125,8.8612060546875,ZH
Lantsch,,Lantsch,0.8,0.8,0.0,0.0,1290,1382,92,1,,,2.1,46.68205261230469,9.565796852111816,GR
Kellerberg,Haldi,Haldi,0.8,0.8,0.0,0.0,1238,1393,155,1,,,2.1,46.895240783691406,8.218409538269043,OW
Dzora,Lourtier,Lourtier,0.6,0.6,0.0,0.0,1100,1188,88,1,,,2.1,46.05069351196289,7.2699761390686035,VS
Les Orvales,Malleray,Malleray,0.5,0.5,0.0,0.0,781,855,74,1,,,2.1,47.23778533935547,7.277003288269043,BE
La Sagne,,La Sagne,0.5,0.5,0.0,0.0,1040,1140,100,1,,,2.1,47.25526809692383,7.130095481872559,JU
Oberwangen,,Oberwangen,0.8,0.8,0.0,0.0,627,765,138,2,22.0,23.0,2.1,47.4270133972168,8.988036155700684,TG
Les Prévondes,,Les Prévondes,0.4,0.4,0.0,0.0,987,1090,103,1,5.0,5.0,2.1,46.55732345581055,6.949479103088379,FR
Schnabelsberg,Bennau,Bennau,0.3,0.3,0.0,0.0,950,1020,70,1,17.0,18.0,2.1,47.14897918701172,8.728755950927734,SZ
Hubelweid,Heiligenschwendi,Heiligenschwendi,0.3,0.3,0.0,0.0,1102,1152,50,1,20.0,21.0,2.1,46.75180435180664,7.68502950668335,BE
Oberhelfenschwil,,Oberhelfenschwil,0.4,0.4,0.0,0.0,798,866,68,1,22.0,23.0,2.1,47.35462188720703,9.10385513305664,SG
Bedea,Novaggio,Novaggio,0.3,0.3,0.0,0.0,625,690,65,1,15.0,16.0,2.1,46.01170349121094,8.851716041564941,TI
Telli,Morschach,Morschach,0.3,0.3,0.0,0.0,640,676,36,2,14.0,15.0,2.1,46.988365173339844,8.627457618713379,SZ
Islern,,Islern,0.4,0.4,0.0,0.0,1427,1542,115,1,10.0,11.0,2.1,47.03339385986328,8.14845085144043,LU
Sternenberg,Sternenberg,Sternenberg,0.3,0.3,0.0,0.0,838,884,46,1,10.0,11.0,2.1,47.401023864746094,8.914185523986816,TG
Langmattli,Hergiswil,Hergiswil,0.4,0.4,0.0,0.0,838,946,108,1,12.0,13.0,2.1,47.09326934814453,7.934874534606934,LU
Beckenhalde,St. Gallen,St. Gallen,0.4,0.4,0.0,0.0,764,854,90,1,19.0,20.0,2.1,47.42531967163086,9.382689476013184,SG
Hampy,Adelboden,Adelboden,0.3,0.3,0.0,0.0,1289,1351,62,1,26.0,28.0,2.1,47.06343460083008,8.622342109680176,SZ
Hörnli,Hemberg-Bächli,Hemberg-Bächli,0.4,0.4,0.0,0.0,890,970,80,1,25.0,27.0,2.1,47.30031967163086,9.175806999206543,SG
Ausserschwand,,Ausserschwand,0.2,0.2,0.0,0.0,1341,1392,51,1,,,2.1,46.50265121459961,7.568112373352051,BE
La Trélasse,,La Trélasse,0.5,0.5,0.0,0.0,1100,1150,50,2,,,2.1,46.45039749145508,6.10351037979126,VD
Mittlerwengi,Kaltbrunn,Kaltbrunn,0.4,0.0,0.4,0.0,1153,1253,100,1,,,2.1,47.21217727661133,9.03919792175293,SG
Regensberg-Erlenhof,Im Buck,Im Buck,0.3,0.3,0.0,0.0,605,648,43,1,,,2.1,47.648597717285156,8.935113906860352,TG
Caux,,Caux,0.1,0.1,0.0,0.0,1156,1166,10,1,,,2.1,46.432228088378906,6.934516906738281,VD
Sous-le-Mont,Tavannes,Tavannes,0.3,0.3,0.0,0.0,855,921,66,1,,,2.1,47.21647262573242,7.198672294616699,BE
Bildhaus,Gommiswald am Ricken,Gommiswald am Ricken,0.5,0.5,0.0,0.0,800,860,60,2,25.0,27.0,2.1,47.26361846923828,9.043039321899414,SG
Cioss Prato,Bedretto,Bedretto,0.4,0.4,0.0,0.0,1550,1610,60,2,17.0,18.0,2.1,46.503822326660156,8.504905700683594,TI
Staffelalp,Zeglingen,Zeglingen,0.5,0.1,0.3,0.1,726,782,56,1,,,2.0,47.40998458862305,7.892963409423828,BL
Les Loges,La Vue des Alpes,La Vue des Alpes,1.0,1.0,0.0,0.0,1235,1260,25,2,,,2.0,47.07280731201172,6.870323181152344,NE
Bernina,,Bernina,0.0,0.0,0.0,0.0,2000,3300,1300,0,,,,46.44509506225586,9.9691162109375,GR
Trachselwald,,Trachselwald,0.5,0.5,0.0,0.0,685,715,30,1,10.0,11.0,,47.020904541015625,7.737001895904541,BE
Bügls,S-chanf,S-chanf,0.5,0.5,0.0,0.0,1670,1700,30,1,10.0,11.0,,46.6120491027832,9.984933853149414,GR
La Brévine,,La Brévine,0.8,0.8,0.0,0.0,1048,1100,52,1,3.0,3.0,,46.96433639526367,6.616907596588135,NE
Raten,Oberägeri,Oberägeri,0.8,0.8,0.0,0.0,1077,1119,42,2,14.0,15.0,,47.13373947143555,8.632028579711914,ZG
Guttannen,,Guttannen,0.5,0.5,0.0,0.0,1057,1150,93,1,,,,46.65576171875,8.291236877441406,BE
Täsch,,Täsch,0.5,0.5,0.0,0.0,1450,1500,50,1,,,,46.059261322021484,7.809818744659424,VS
Rüegsau,,Rüegsau,0.5,0.5,0.0,0.0,590,650,60,1,,,,47.01717758178711,7.657235622406006,BE
LiFu,Val Müstair,Val Müstair,0.3,0.3,0.0,0.0,1611,1640,29,1,10.0,11.0,2.0,46.60110855102539,10.41862678527832,GR
Bottenwil,Bottenwil,Bottenwil,0.3,0.3,0.0,0.0,600,630,30,1,10.0,11.0,2.0,47.28184127807617,8.00417423248291,AG
Les Haudères,Les Haudères,Les Haudères,0.1,0.1,0.0,0.0,1450,1455,5,1,5.0,5.0,2.0,46.08589172363281,7.49174165725708,VS
Mottalift,Serneus,Serneus,0.4,0.4,0.0,0.0,999,1014,15,1,15.0,16.0,2.0,46.893089294433594,9.844528198242188,GR
Oberwald,,Oberwald,0.2,0.2,0.0,0.0,1373,1404,31,1,7.0,7.0,2.0,47.0165901184082,8.089827537536621,LU
Lommiswil,Lommiswil,Lommiswil,0.2,0.2,0.0,0.0,620,680,60,1,16.0,17.0,2.0,47.218963623046875,7.473718643188477,SO
Rossa,,Rossa,0.4,0.4,0.0,0.0,1100,1150,50,2,15.0,16.0,2.0,46.200897216796875,8.671957015991211,TI
Lucky,Aeschi,Aeschi,0.2,0.2,0.0,0.0,860,890,30,1,15.0,16.0,2.0,46.94929122924805,8.263134956359863,OW
Schlösslihang,St. Gallen,St. Gallen,0.3,0.3,0.0,0.0,660,690,30,1,16.0,17.0,2.0,47.42531967163086,9.382689476013184,SG
Nollen,Hosenruck,Hosenruck,0.3,0.3,0.0,0.0,687,725,38,1,15.0,16.0,2.0,47.489994049072266,9.122780799865723,TG
Asp,,Asp,0.3,0.3,0.0,0.0,575,650,75,1,10.0,11.0,2.0,47.295753479003906,8.706899642944336,ZH
Wildberg,Wildberg,Wildberg,0.2,0.2,0.0,0.0,685,710,25,1,15.0,16.0,2.0,47.14365005493164,7.904281139373779,LU
Randa,,Randa,0.2,0.2,0.0,0.0,1421,1435,14,1,8.0,9.0,2.0,46.100341796875,7.782547473907471,VS
Stich,Opfertshofen,Opfertshofen,0.3,0.3,0.0,0.0,600,665,65,1,10.0,11.0,2.0,47.768455505371094,8.6593017578125,SH
Egg,Hallau,Hallau,0.2,0.2,0.0,0.0,520,560,40,1,10.0,11.0,2.0,47.697479248046875,8.465217590332031,SH
Saxeten,Saxeten,Saxeten,0.2,0.2,0.0,0.0,1162,1189,27,1,8.0,9.0,2.0,46.63526916503906,7.833619117736816,BE
Blatten,Speicher,Speicher,0.3,0.3,0.0,0.0,900,935,35,1,12.0,13.0,2.0,47.40765380859375,9.442896842956543,AR
Mugi,Netstal,Netstal,0.4,0.4,0.0,0.0,460,550,90,2,10.0,11.0,2.0,47.071781158447266,9.053006172180176,GL
Sitzberg,Fischingen,Fischingen,0.2,0.0,0.2,0.0,770,800,30,1,7.5,8.0,2.0,47.414459228515625,8.967148780822754,TG
Dietikon,,Dietikon,0.2,0.2,0.0,0.0,460,490,30,1,8.0,9.0,2.0,47.40451431274414,8.402215957641602,ZH
Norro-Lift,Adelboden,Adelboden,0.2,0.2,0.0,0.0,1305,1332,27,1,15.0,16.0,2.0,47.06343460083008,8.622342109680176,SZ
Goldiwil,Multenegg,Multenegg,0.2,0.2,0.0,0.0,1100,1120,20,1,5.0,5.0,2.0,46.75998306274414,7.6932830810546875,BE
Horben,Lindenberg,Lindenberg,0.2,0.2,0.0,0.0,765,805,40,1,15.0,16.0,2.0,47.08305358886719,7.968222141265869,LU
Mammern-Klingenzell,,Mammern-Klingenzell,0.2,0.2,0.0,0.0,570,600,30,1,,,2.0,47.637210845947266,8.89915943145752,TG
Bonderlen,,Bonderlen,0.2,0.2,0.0,0.0,1354,1364,10,1,,,2.0,46.489776611328125,7.578065872192383,BE
Tarasp,,Tarasp,0.3,0.3,0.0,0.0,1410,1450,40,1,,,2.0,46.774200439453125,10.25875186920166,GR
Nunningen,,Nunningen,0.2,0.2,0.0,0.0,660,700,40,1,,,2.0,47.39370346069336,7.618746757507324,SO
Mesocco,,Mesocco,0.2,0.2,0.0,0.0,1180,1200,20,1,,,2.0,46.40300369262695,9.227678298950195,GR
Guarda,,Guarda,0.2,0.2,0.0,0.0,1650,1670,20,1,,,2.0,46.776878356933594,10.148367881774902,GR
Ardez,,Ardez,0.3,0.3,0.0,0.0,1476,1526,50,1,,,2.0,46.79677200317383,10.175736427307129,GR
Lukaslift,Grabs,Grabs,0.2,0.2,0.0,0.0,469,482,13,1,,,2.0,47.18913650512695,9.414711952209473,SG
Trient,,Trient,0.1,0.1,0.0,0.0,1320,1350,30,1,,,2.0,45.999473571777344,7.043597221374512,VS
Brot-Plamboz,,Brot-Plamboz,0.4,0.4,0.0,0.0,1050,1100,50,1,,,2.0,47.01603317260742,6.785434722900391,NE
Dalpe,,Dalpe,0.2,0.2,0.0,0.0,1200,1250,50,1,,,2.0,46.45354461669922,8.764383316040039,TI
Riffenmatt,,Riffenmatt,0.3,0.3,0.0,0.0,1080,1140,60,1,,,2.0,46.77216720581055,7.354410171508789,BE
Les Paccots,Mont-Chesau,Mont-Chesau,0.4,0.4,0.0,0.0,800,900,100,1,,,2.0,46.5059928894043,6.795595169067383,VD
Le Chaluet,Court,Court,0.2,0.2,0.0,0.0,700,740,40,1,,,2.0,46.77328109741211,7.0362629890441895,FR
Weisstannen,,Weisstannen,0.2,0.2,0.0,0.0,984,1022,38,1,,,2.0,47.15221405029297,9.161084175109863,SG
Wiesen,Gruob,Gruob,0.1,0.1,0.0,0.0,1400,1410,10,1,,,2.0,46.87482452392578,8.376697540283203,NW
Saalhöhe,,Saalhöhe,0.3,0.3,0.0,0.0,720,775,55,1,,,2.0,47.42837142944336,7.986265659332275,SO
Urnerboden,,Urnerboden,0.3,0.3,0.0,0.0,1360,1420,60,1,,,2.0,46.890071868896484,8.91075325012207,UR
Rotberg,Villigen,Villigen,0.2,0.2,0.0,0.0,560,600,40,1,,,2.0,47.534881591796875,8.222894668579102,AG
Schermtanne,Stiegelschwand,Stiegelschwand,0.2,0.2,0.0,0.0,1481,1509,28,1,,,2.0,46.48775863647461,7.546182632446289,BE
Dicki,Weisslingen,Weisslingen,0.2,0.2,0.0,0.0,590,620,30,1,,,2.0,47.43225860595703,8.763815879821777,ZH
Walenstadtberg,,Walenstadtberg,0.3,0.3,0.0,0.0,850,930,80,1,,,2.0,47.1474723815918,9.266605377197266,SG
Orgevaux,,Orgevaux,0.2,0.2,0.0,0.0,1304,1348,44,1,,,2.0,46.31386947631836,7.146988391876221,VD
Gsahl,Hauenstein-Ifenthal,Hauenstein-Ifenthal,0.4,0.4,0.0,0.0,760,800,40,2,,,2.0,47.37782669067383,7.872191429138184,SO
Loco Ski Academy,Saillon,Saillon,0.1,0.1,0.0,0.0,468,471,3,0,,,2.0,46.16548156738281,7.18261194229126,VS
Saint Luc,,Saint Luc,60.0,20.0,30.0,10.0,1680,2980,1300,15,65.0,69.0,3.3,46.5181770324707,6.6313347816467285,VD
Leysin,,Leysin,60.0,43.0,15.0,2.0,1250,2198,948,12,68.0,73.0,3.3,46.36687088012695,6.999289035797119,VD
Betelberg,Lenk,Lenk,42.0,21.7,19.4,0.9,1083,2001,918,11,62.0,66.0,3.3,46.45768737792969,7.442668437957764,BE
Melchsee-Frutt,,Melchsee-Frutt,36.0,20.0,6.0,10.0,1080,2255,1175,15,59.0,63.0,3.3,46.7745361328125,8.268563270568848,OW
Charmey,,Charmey,30.0,19.5,7.5,3.0,875,1626,751,5,46.0,49.0,3.3,46.62632369995117,7.164660930633545,FR
Vercorin,,Vercorin,35.0,13.0,19.0,3.0,1340,2374,1034,10,60.0,64.0,3.2,46.252410888671875,7.519947528839111,VS
Vals,Vals,Vals,25.0,5.0,15.0,5.0,1286,2851,1565,6,39.0,42.0,3.2,46.53512954711914,9.868732452392578,GR
Sörenberg,Rothorn,Rothorn,42.0,24.0,10.0,8.0,1110,2298,1188,14,58.0,62.0,3.2,46.82267761230469,8.033469200134277,LU
Rotenfluh,,Rotenfluh,50.0,18.0,31.0,1.0,1070,1593,523,17,49.0,52.0,3.2,47.01824951171875,8.700359344482422,SZ
Ovronnaz,,Ovronnaz,30.0,5.0,20.0,5.0,1400,2427,1027,7,61.0,65.0,3.2,46.2025146484375,7.166605472564697,VS
Nara,Leontica,Leontica,30.0,10.0,15.0,5.0,925,2123,1198,7,42.0,45.0,3.2,46.45576095581055,8.919452667236328,TI
Glacier 3000,Les Diablerets,Les Diablerets,31.0,14.5,5.5,11.0,1343,3016,1673,11,79.0,84.0,3.2,46.355125427246094,7.169826507568359,VD
La Berra,La Roche,La Roche,25.0,5.0,20.0,0.0,1040,1636,596,6,41.0,44.0,3.1,46.9293098449707,6.744411945343018,NE
Leukerbad,,Leukerbad,47.5,3.5,27.0,17.0,1411,2610,1199,13,65.0,69.0,3.1,46.43210983276367,7.6248979568481445,VS
Bosco Gurin,Grossalp,Grossalp,30.0,1.0,25.0,4.0,1482,2331,849,7,57.0,61.0,3.1,46.31581497192383,8.470480918884277,TI
Klewenalp,Beckenried,Beckenried,40.0,15.0,25.0,0.0,1199,1938,739,15,58.0,62.0,3.1,46.80857467651367,7.270735263824463,FR
Tschiertschen,,Tschiertschen,32.0,15.0,14.0,3.0,1350,2381,1031,4,61.0,65.0,3.1,46.817970275878906,9.606547355651855,GR
Carì,,Carì,20.0,8.0,8.0,4.0,1650,2280,630,4,48.0,51.0,3.1,46.49345397949219,8.818408966064453,TI
Les Marécottes,,Les Marécottes,9.0,2.7,5.0,1.3,1110,2220,1110,4,49.0,52.0,3.1,46.11091613769531,7.006328105926514,VS
Wasserngrat,Gstaad,Gstaad,9.3,3.5,3.6,2.2,1275,1940,665,1,84.0,90.0,3.1,46.483219146728516,7.274813652038574,BE
San Bernardino,,San Bernardino,40.0,17.0,20.0,3.0,1642,2515,873,11,45.0,48.0,3.1,46.462459564208984,9.192255020141602,GR
Evolène,,Evolène,42.0,15.5,10.6,15.9,1404,2632,1228,5,48.0,51.0,3.1,46.113075256347656,7.4971394538879395,VS
Braunwald,,Braunwald,28.5,8.5,18.0,2.0,1236,1901,665,10,54.0,58.0,3.1,46.953277587890625,8.979976654052734,GL
Pesciüm,Airolo,Airolo,30.0,1.0,15.0,14.0,1175,2250,1075,8,,,3.1,46.52952194213867,8.603241920471191,TI
Nax,Mont-Noble,Mont-Noble,35.0,15.0,20.0,0.0,1495,2640,1145,6,53.0,57.0,3.0,46.22235870361328,7.436079025268555,VS
Kaiseregg,Schwarzsee,Schwarzsee,20.0,10.5,6.5,3.0,1047,1751,704,6,46.0,49.0,3.0,45.99104309082031,7.710203647613525,VS
Moléson,,Moléson,30.0,19.0,4.0,7.0,1109,1978,869,6,42.0,45.0,3.0,46.55396270751953,7.030523300170898,FR
La Braye,Château d'Oex,Château d'Oex,18.5,10.5,0.0,8.0,1215,1630,415,7,,,3.0,46.47412872314453,7.130315780639648,VD
Brambrüesch,Chur,Chur,20.0,8.0,8.0,4.0,1170,2174,1004,5,45.0,48.0,,46.864017486572266,9.535412788391113,GR
Jaun,,Jaun,20.0,9.0,9.0,2.0,1023,1571,548,4,44.0,47.0,,46.6102294921875,7.288549423217773,FR
Giw,Visperterminen,Visperterminen,20.5,3.5,12.5,4.5,1381,2309,928,5,49.0,52.0,3.0,46.2725830078125,7.893075466156006,VS
La Dôle,,La Dôle,28.6,17.5,8.7,2.4,1160,1678,518,21,40.0,42.8,3.0,46.521453857421875,6.645035266876221,VD
Oeschinensee,Kandersteg,Kandersteg,13.0,4.1,8.9,0.0,1200,1730,530,6,40.0,43.0,2.9,46.50904083251953,7.6771931648254395,BE
Arolla,,Arolla,47.0,20.0,18.0,9.0,1984,2877,893,5,48.0,51.0,2.9,46.026039123535156,7.481295108795166,VS
Darlux,Bergün,Bergün,20.0,4.0,15.0,1.0,1384,2569,1185,3,45.0,48.0,2.9,46.63146209716797,9.744026184082031,GR
Wispile,Gstaad,Gstaad,8.9,3.6,3.7,1.6,1043,1939,896,5,84.0,90.0,2.9,46.483219146728516,7.274813652038574,BE
Unterbäch,Brandalp,Brandalp,19.0,10.0,6.0,3.0,1230,2443,1213,7,49.0,52.0,2.9,47.04842758178711,9.124449729919434,GL
Elsigen-Metsch,Frutigen,Frutigen,30.0,10.0,17.0,3.0,1334,2289,955,11,,,2.9,46.582515716552734,7.65067195892334,BE
TschentenAlp,Adelboden,Adelboden,10.0,1.5,7.0,1.5,1367,1950,583,4,49.0,52.0,2.8,47.06343460083008,8.622342109680176,SZ
La Robella,Buttes,Buttes,20.0,10.0,5.0,5.0,780,1446,666,4,29.0,31.0,2.8,46.87736892700195,6.507267475128174,NE
Sarn,,Sarn,20.0,8.0,10.0,2.0,1300,2075,775,4,36.0,38.0,2.8,46.723941802978516,9.403610229492188,GR
Diemtigen,,Diemtigen,17.5,9.5,5.0,3.0,984,1868,884,7,55.0,59.0,2.8,46.64704513549805,7.553323268890381,BE
Marbach,Marbachegg,Marbachegg,7.4,5.0,2.4,0.0,885,1474,589,5,41.0,44.0,2.8,46.834869384765625,7.906062126159668,LU
Hochwang,Goldgruben,Goldgruben,20.0,9.0,9.0,2.0,1544,2299,755,3,55.0,59.0,2.8,47.14760971069336,7.278533458709717,BE
Les Mosses,,Les Mosses,40.0,10.0,30.0,0.0,1379,1874,495,14,65.0,69.0,2.8,46.631065368652344,6.97030782699585,FR
Bivio,,Bivio,30.0,13.0,13.0,4.0,1769,2560,791,4,46.0,49.0,2.8,46.46905517578125,9.649895668029785,GR
Rosswald,Brig,Brig,9.0,3.0,2.0,4.0,1820,2536,716,6,49.0,52.0,2.8,46.31845474243164,7.98712158203125,VS
La Fouly,,La Fouly,15.0,6.0,4.0,5.0,1607,2172,565,4,43.0,46.0,2.8,45.93663024902344,7.098944664001465,VS
Bugnenets-Savagnières,Saint-Imier,Saint-Imier,30.0,10.0,10.0,10.0,1078,1449,371,8,42.0,45.0,2.8,47.151058197021484,6.992454528808594,BE
Champex-Lac,,Champex-Lac,15.0,10.5,3.0,1.5,1468,2194,726,4,43.0,46.0,2.8,46.02708053588867,7.120485305786133,VS
Sattel,Hochstuckli,Hochstuckli,3.0,2.0,1.0,0.0,800,1491,691,6,35.0,37.0,2.8,47.06129837036133,8.659419059753418,SZ
Amden,Arvenbüel,Arvenbüel,17.0,5.5,11.5,0.0,931,1684,753,6,38.0,41.0,2.8,47.150299072265625,9.164973258972168,SG
Eischoll,,Eischoll,15.0,10.0,4.5,0.5,1260,2200,940,4,49.0,52.0,2.8,46.27672576904297,7.764072418212891,VS
Minschuns,Val Müstair-Tschierv,Val Müstair-Tschierv,25.0,17.0,5.0,3.0,2126,2673,547,4,42.0,45.0,2.8,46.62961196899414,10.323244094848633,GR
Heidbodme,Saas-Almagell,Saas-Almagell,15.4,6.9,8.5,0.0,1684,2347,663,7,55.0,59.0,2.7,46.107635498046875,8.007623672485352,VS
Vichères,,Vichères,15.0,7.0,5.0,3.0,1595,2267,672,4,43.0,46.0,2.7,45.9962158203125,7.166924476623535,VS
Rothwald,,Rothwald,25.0,5.0,15.0,5.0,1750,2270,520,3,44.0,47.0,2.7,46.28093719482422,8.039743423461914,VS
Engstligenalp,Adelboden,Adelboden,17.0,7.0,6.0,4.0,1971,2353,382,8,,,2.7,47.06343460083008,8.622342109680176,SZ
Axalp,,Axalp,15.0,11.0,1.5,2.5,1422,1959,537,6,55.0,59.0,2.7,46.72386169433594,8.037097930908203,BE
Feldis,,Feldis,10.3,0.3,7.5,2.5,1480,1996,516,4,39.0,42.0,2.7,46.79501724243164,9.434045791625977,GR
Brunni,Engelberg,Engelberg,8.5,3.7,2.9,1.9,1013,2075,1062,10,46.0,49.0,2.7,47.18781280517578,8.010319709777832,LU
Tschappina,,Tschappina,25.0,4.0,21.0,0.0,1580,2180,600,7,36.0,38.0,2.7,46.743961334228516,9.071603775024414,GR
Wolzenalp,Krummenau,Krummenau,12.2,0.2,9.0,3.0,728,1464,736,6,38.0,41.0,2.7,47.25233840942383,9.166143417358398,SG
Pischa,,Pischa,0.0,0.0,0.0,0.0,1800,2483,683,1,,,2.7,46.809322357177734,9.919135093688965,GR
Schwanden,Sigriswil,Sigriswil,20.0,11.0,6.0,3.0,1070,1460,390,3,32.0,34.0,2.6,46.71548843383789,7.7073073387146,BE
Ebenalp,Wasserauen,Wasserauen,10.0,1.0,7.5,1.5,848,1720,872,7,38.0,41.0,2.6,47.276275634765625,9.391256332397461,AI
Grimmialp,,Grimmialp,7.2,3.0,1.4,2.8,1233,1833,600,3,42.0,45.0,2.6,46.575645446777344,7.486373424530029,BE
Kiental,,Kiental,7.0,2.0,5.0,0.0,926,1490,564,3,20.0,21.0,2.6,46.58408737182617,7.7226972579956055,BE
Les Rasses,Sainte-Croix,Sainte-Croix,20.0,10.0,10.0,0.0,1142,1565,423,9,35.0,37.0,2.6,47.392662048339844,7.069855213165283,JU
Jeizinen Feselalp,Gampel,Gampel,8.0,6.0,2.0,0.0,1519,2193,674,6,46.0,49.0,2.6,47.01980209350586,8.901203155517578,SZ
Schatzalp,Strela,Strela,7.8,6.1,1.7,0.0,1609,2352,743,4,43.0,46.0,2.6,46.8344612121582,9.558746337890625,GR
Biel-Kinzig,Bürglen,Bürglen,7.0,2.5,4.5,0.0,1630,1930,300,5,40.0,43.0,2.6,46.96928787231445,8.769762992858887,SZ
Espace Super Saint-Bernard,Bourg-St-Pierre,Bourg-St-Pierre,15.0,3.0,0.0,12.0,1950,2800,850,3,38.0,41.0,,45.89531326293945,7.182081699371338,VS
Rüschegg-Eywald,Lischboden,Lischboden,13.0,8.0,4.0,1.0,1050,1550,500,2,38.0,41.0,2.6,46.7418212890625,7.424880504608154,BE
Niederhorn,Beatenberg,Beatenberg,5.0,2.0,3.0,0.0,1127,1945,818,3,42.0,45.0,2.6,46.6885986328125,7.814966678619385,BE
Mörlialp,Giswil,Giswil,12.0,2.8,7.2,2.0,1355,1837,482,8,45.0,48.0,2.6,46.86353302001953,8.155722618103027,OW
Eggberge,Altdorf,Altdorf,8.0,4.0,4.0,0.0,1460,1740,280,2,32.0,34.0,2.6,46.88406753540039,8.638408660888672,UR
Languard,Pontresina,Pontresina,1.0,1.0,0.0,0.0,1830,1920,90,5,35.0,37.0,2.6,46.50184631347656,9.892767906188965,GR
Tramelan,,Tramelan,14.0,6.0,6.0,2.0,920,1228,308,3,32.0,34.0,2.6,47.220829010009766,7.106607913970947,BE
Fideriser Heuberge,Fideris,Fideris,15.0,5.0,9.0,1.0,1952,2356,404,4,46.0,49.0,2.6,46.91518020629883,9.740965843200684,GR
Schwefelberg,Badmatte,Badmatte,7.0,5.0,0.0,2.0,1386,1704,318,1,28.0,30.0,2.6,47.034629821777344,7.626102924346924,BE
Atzmännig,Goldingen,Goldingen,8.0,3.0,5.0,0.0,821,1198,377,5,35.0,37.0,2.5,47.26345443725586,8.966582298278809,SG
Rigi,Scheidegg,Scheidegg,5.0,5.0,0.0,0.0,1012,1656,644,5,34.0,36.0,2.5,47.3007926940918,9.35722827911377,AI
La Forclaz,,La Forclaz,15.0,8.0,7.0,0.0,1730,2200,470,3,28.0,30.0,2.5,46.05531692504883,7.004912376403809,VS
Gitschenen,Isenthal,Isenthal,5.0,3.0,2.0,0.0,1353,1570,217,2,32.0,34.0,2.5,46.91292190551758,8.579693794250488,UR
Les Paccots,Corbetta,Corbetta,9.0,5.0,2.0,2.0,1065,1593,528,11,39.0,42.0,2.5,46.514183044433594,6.942561149597168,FR
Rigi,,Rigi,9.0,4.5,4.5,0.0,1315,1752,437,7,78.0,83.0,2.5,47.02582931518555,8.524199485778809,SZ
Säntis,Schwägalp,Schwägalp,0.0,0.0,0.0,0.0,1351,2473,1122,1,,,2.5,47.26875686645508,9.32397174835205,AR
Gspon,,Gspon,5.0,1.5,3.5,0.0,1865,2193,328,4,41.0,44.0,2.5,46.22529983520508,7.902390480041504,VS
Ratzi,Spiringen,Spiringen,3.6,2.0,1.6,0.0,950,1840,890,2,36.0,38.0,2.5,46.8696403503418,8.754908561706543,UR
Avers,,Avers,8.0,2.0,2.0,4.0,1988,2539,551,3,35.0,37.0,2.5,46.505889892578125,9.4657564163208,GR
Blonay,,Blonay,8.0,4.0,4.0,0.0,1080,1360,280,7,37.0,39.0,2.5,46.476009368896484,6.899766445159912,VD
L'Abbaye,,L'Abbaye,10.0,6.0,3.0,1.0,1010,1437,427,4,30.0,32.0,2.5,46.92864227294922,6.828085422515869,NE
Le Pâquier,Val-de-Ruz,Val-de-Ruz,10.0,5.5,2.5,2.0,862,1263,401,3,32.0,34.0,2.5,47.014041900634766,6.8395490646362305,NE
Selital,Schwarzenbühl,Schwarzenbühl,10.1,4.7,4.3,1.1,1299,1606,307,3,40.0,43.0,2.5,46.74787521362305,7.388399600982666,BE
Bumbach,,Bumbach,10.0,6.0,3.0,1.0,920,1365,445,4,35.0,37.0,2.5,47.17528533935547,8.5855131149292,ZG
Neusell,Rothenthurm-Biberegg,Rothenthurm-Biberegg,10.0,5.0,3.5,1.5,954,1329,375,3,29.0,31.0,2.5,47.091766357421875,8.667120933532715,SZ
Les Breuleux,,Les Breuleux,10.0,5.0,4.0,1.0,1070,1246,176,2,24.0,26.0,2.5,47.21285629272461,7.001491546630859,JU
Habkern,Sattelegg,Sattelegg,8.0,2.0,4.0,2.0,1100,1485,385,2,37.0,39.0,2.5,46.75276184082031,7.740549564361572,BE
Bannalp,Oberrickenbach,Oberrickenbach,3.0,2.5,0.5,0.0,1663,1793,130,3,34.0,36.0,2.4,46.890869140625,8.415928840637207,NW
Aeschiried,,Aeschiried,9.5,6.5,3.0,0.0,927,1389,462,3,35.0,37.0,2.4,46.64799118041992,7.715985298156738,BE
Kerenzerberg,Filzbach,Filzbach,0.0,0.0,0.0,0.0,746,1283,537,1,,,2.4,47.11302185058594,9.134771347045898,GL
Fanas,,Fanas,0.5,0.5,0.0,0.0,900,1700,800,2,,,2.4,46.98313522338867,9.6589994430542,GR
Rathvel,Châtel-St-Denis,Châtel-St-Denis,8.0,5.0,3.0,0.0,1211,1491,280,4,30.0,32.0,2.4,46.536598205566406,6.896896839141846,FR
Schilt,Mollis,Mollis,6.0,3.0,3.0,0.0,1100,1602,502,2,33.0,35.0,2.4,47.48542404174805,9.293002128601074,TG
Sollegg,Appenzell,Appenzell,7.0,5.0,2.0,0.0,813,1204,391,2,27.0,29.0,2.4,47.21883010864258,9.023334503173828,SG
Rossberg,Oberwil,Oberwil,7.0,3.2,3.8,0.0,1148,1464,316,2,37.0,39.0,2.4,47.541481018066406,8.871923446655273,TG
L'Orient,,L'Orient,6.0,2.0,3.0,1.0,1010,1283,273,2,30.0,32.0,2.4,46.60689926147461,6.247430801391602,VD
Seebodenalp,Küssnacht,Küssnacht,2.5,2.0,0.5,0.0,1036,1225,189,3,15.0,16.0,2.4,47.09376525878906,8.433895111083984,SZ
Jaunpass,Boltigen,Boltigen,6.0,3.8,1.2,1.0,1406,1608,202,4,34.0,36.0,2.4,46.59294128417969,7.339478969573975,BE
Springenboden,,Springenboden,6.0,1.5,4.0,0.5,1207,1525,318,3,28.0,30.0,2.4,46.62062454223633,7.569882392883301,BE
Brüsti,Attinghausen,Attinghausen,1.5,0.1,1.4,0.0,1428,1601,173,4,32.0,34.0,2.4,46.8531379699707,8.628704071044922,UR
Rüschegg,,Rüschegg,6.0,4.0,2.0,0.0,1340,1590,250,3,37.0,39.0,2.4,46.77888107299805,7.392108917236328,BE
Le Brassus,,Le Brassus,5.0,2.5,1.5,1.0,1060,1361,301,2,30.0,32.0,2.4,46.59050369262695,6.213335990905762,VD
Eriz,,Eriz,6.0,4.0,2.0,0.0,1044,1378,334,6,34.0,36.0,2.4,46.84681701660156,7.697291374206543,BE
Dent de Vaulion,Vaulion,Vaulion,5.0,2.5,1.5,1.0,1150,1478,328,2,30.0,32.0,2.4,46.68792724609375,6.387874126434326,VD
Wirzweli,Dallenwil,Dallenwil,1.0,1.0,0.0,0.0,1215,1350,135,3,31.0,33.0,2.3,46.92491912841797,8.375000953674316,NW
Balmberg,,Balmberg,5.0,2.0,3.0,0.0,1062,1270,208,3,32.0,34.0,2.3,46.870338439941406,7.4107208251953125,BE
Steg im Tösstal,,Steg im Tösstal,5.0,3.0,2.0,0.0,700,1000,300,2,30.0,32.0,2.3,47.35836410522461,8.922954559326172,ZH
Pany,,Pany,5.0,3.0,2.0,0.0,1330,1550,220,2,32.0,34.0,2.3,46.926002502441406,9.765871047973633,GR
Prato,,Prato,4.0,1.0,2.0,1.0,1045,1270,225,2,21.0,22.0,2.3,46.39521789550781,8.657382011413574,TI
Les Prés d'Orvin,,Les Prés d'Orvin,5.0,2.5,2.5,0.0,1030,1230,200,5,30.0,32.0,2.3,47.154964447021484,7.166072845458984,BE
Haldigrat,,Haldigrat,0.0,0.0,0.0,0.0,1230,1937,707,1,,,,46.90304183959961,8.439825057983398,NW
Heiden,Bischofsberg,Bischofsberg,5.0,4.0,1.0,0.0,810,940,130,2,28.0,30.0,2.3,47.43480682373047,9.53592300415039,AR
La Corbatière,La Roche,La Roche,4.6,2.1,1.5,1.0,1090,1348,258,3,25.0,27.0,2.3,46.9293098449707,6.744411945343018,NE
Les Genevez,,Les Genevez,4.0,2.0,1.5,0.5,1024,1147,123,2,20.0,21.0,2.3,47.2591552734375,7.129975318908691,JU
Tenna,,Tenna,4.5,3.5,1.0,0.0,1660,1780,120,1,25.0,27.0,2.3,46.75126266479492,9.341872215270996,GR
Fischenthal-Aurüti,Oberegg,Oberegg,4.0,1.7,1.5,0.8,827,1052,225,2,29.0,31.0,2.3,47.3167839050293,8.930787086486816,ZH
Vorderthal,Wägital,Wägital,3.0,2.0,1.0,0.0,750,1260,510,1,,,2.3,47.125816345214844,8.895785331726074,SZ
Tanzboden,Ebnat-Kappel,Ebnat-Kappel,3.5,2.0,1.5,0.0,865,1181,316,2,32.0,34.0,2.3,47.26554870605469,9.123309135437012,SG
Oberholz,Farner,Farner,4.0,3.0,1.0,0.0,852,1155,303,3,32.0,34.0,2.3,47.26763916015625,7.625383377075195,BE
Alpsteinblick,Gonten,Gonten,4.0,3.0,1.0,0.0,890,1142,252,3,27.0,29.0,2.3,47.326873779296875,9.360555648803711,AI
Pian Cales,San Bernardino,San Bernardino,4.5,2.9,1.6,0.0,1625,1791,166,4,25.0,27.0,2.3,46.462459564208984,9.192255020141602,GR
Hohe Winde,Beinwil,Beinwil,4.0,3.0,1.0,0.0,760,1060,300,2,28.0,30.0,2.3,47.359378814697266,7.607367515563965,SO
Hohwald,Beatenberg-Waldegg,Beatenberg-Waldegg,4.0,2.0,2.0,0.0,1291,1605,314,3,32.0,34.0,2.3,46.703643798828125,7.810190677642822,BE
Ottenleue,Sangernboden,Sangernboden,3.6,1.7,1.1,0.8,1450,1600,150,1,26.0,28.0,2.3,46.71427917480469,7.345165252685547,BE
Heiligkreuz-First,Hasle,Hasle,4.0,2.0,2.0,0.0,1133,1468,335,2,25.0,27.0,2.3,47.01571273803711,7.64551305770874,BE
Dent de Jaman,Montreux,Montreux,3.0,0.0,3.0,0.0,1354,1738,384,2,37.0,39.0,2.3,46.43098449707031,6.9104743003845215,VD
Gurten,Bern,Bern,0.2,0.2,0.0,0.0,845,855,10,2,5.0,5.0,2.3,47.12507247924805,7.609008312225342,BE
Sommartel,Le Locle,Le Locle,3.0,1.6,0.6,0.8,1117,1301,184,2,20.0,21.0,2.3,47.07339096069336,6.775059223175049,NE
Aela,Maloja,Maloja,3.0,0.5,1.5,1.0,1801,2136,335,2,35.0,37.0,2.3,46.39104461669922,9.700577735900879,GR
Mastrils,,Mastrils,3.0,2.0,1.0,0.0,720,940,220,1,18.0,19.0,2.3,46.95574188232422,9.541077613830566,GR
Le Crêt-Meuron,Fontaines,Fontaines,3.0,2.0,1.0,0.0,1270,1340,70,1,25.0,27.0,2.3,46.837589263916016,6.622531890869141,VD
Zugerberg,,Zugerberg,0.2,0.2,0.0,0.0,925,940,15,3,5.0,5.0,2.3,47.14391326904297,8.53287410736084,ZG
Chapeau Râblé,La Chaux-de-Fonds,La Chaux-de-Fonds,3.0,2.0,1.0,0.0,1087,1233,146,1,24.0,26.0,2.3,47.0870246887207,6.858084678649902,NE
Gfellen,Entlebuch-Finsterwald,Entlebuch-Finsterwald,4.5,4.5,0.0,0.0,1025,1295,270,2,25.0,27.0,2.3,46.96773910522461,8.124884605407715,LU
Eggiwil,Netschbühl,Netschbühl,3.0,2.5,0.5,0.0,720,1020,300,1,27.0,29.0,2.3,46.88493728637695,7.770223617553711,BE
St. Antönien,,St. Antönien,3.0,2.0,1.0,0.0,1405,1656,251,2,,,2.3,46.972530364990234,9.794449806213379,GR
St. Cergue,,St. Cergue,3.0,2.0,1.0,0.0,1040,1220,180,3,20.0,21.0,2.3,46.45183181762695,6.173648834228516,VD
Homberg,,Homberg,3.0,3.0,0.0,0.0,940,1093,153,1,20.0,21.0,2.2,46.96773910522461,8.124884605407715,LU
Mutten,,Mutten,3.0,3.0,0.0,0.0,1724,1863,139,1,23.0,25.0,2.2,46.95707702636719,9.18055534362793,GL
Münster-Geschinen,,Münster-Geschinen,3.0,3.0,0.0,0.0,1363,1645,282,2,25.0,27.0,2.2,46.50642776489258,8.259343147277832,VS
Oberegg,Oberegg,Oberegg,3.5,3.5,0.0,0.0,855,1110,255,1,28.0,30.0,2.2,47.3167839050293,8.930787086486816,ZH
La Chia,Bulle,Bulle,3.0,3.0,0.0,0.0,998,1309,311,1,20.0,21.0,2.2,46.624298095703125,7.077528476715088,FR
Langenbruck,Untere,Untere,3.0,3.0,0.0,0.0,720,940,220,2,35.0,37.0,2.2,46.87308883666992,8.666206359863281,UR
La Côte-aux-Fées,,La Côte-aux-Fées,3.0,3.0,0.0,0.0,980,1080,100,1,,,2.2,46.8579216003418,6.485610008239746,NE
Degersheim,Fuchsacker,Fuchsacker,3.0,3.0,0.0,0.0,815,1034,219,3,30.0,32.0,2.2,47.208553314208984,8.099654197692871,LU
Saint-George,,Saint-George,2.0,1.2,0.8,0.0,977,1140,163,2,20.0,21.0,2.2,46.515071868896484,6.262328147888184,VD
Lauenen,,Lauenen,2.5,1.3,1.2,0.0,1240,1400,160,1,37.0,39.0,2.2,46.92362976074219,8.25383472442627,OW
Rochers de Naye,Montreux,Montreux,1.0,0.6,0.4,0.0,1898,2012,114,3,37.0,39.0,2.2,46.43098449707031,6.9104743003845215,VD
Flensa,Seewis,Seewis,2.0,2.0,0.0,0.0,1015,1185,170,1,20.0,21.0,2.2,47.236412048339844,8.786126136779785,ZH
Oberiberg,,Oberiberg,2.2,2.2,0.0,0.0,1080,1355,275,4,28.0,30.0,2.2,47.03056335449219,8.791611671447754,SZ
Hochwacht,Mosnang,Mosnang,1.8,0.8,0.6,0.4,720,835,115,1,18.0,19.0,2.2,47.36307144165039,9.04985523223877,SG
Grub-Kaien,,Grub-Kaien,2.0,2.0,0.0,0.0,845,1065,220,1,30.0,32.0,2.2,47.438209533691406,9.501254081726074,AR
Campo Blenio,,Campo Blenio,2.0,2.0,0.0,0.0,1207,1578,371,3,32.0,34.0,2.2,46.556846618652344,8.909941673278809,TI
Schwengimatt,,Schwengimatt,1.7,1.0,0.5,0.2,993,1110,117,1,17.0,18.0,2.2,47.29271697998047,7.675917625427246,SO
Druni KidsArena,Valtgeva,Valtgeva,2.0,2.0,0.0,0.0,1447,1538,91,3,27.0,29.0,2.2,46.68167495727539,8.769193649291992,GR
Tèct,Bergün,Bergün,2.0,2.0,0.0,0.0,1371,1540,169,2,35.0,37.0,2.2,46.63146209716797,9.744026184082031,GR
Faltschen,Reichenbach,Reichenbach,2.2,2.2,0.0,0.0,1032,1359,327,2,32.0,34.0,2.2,46.72001266479492,8.18590259552002,BE
Linden,Schindelberg,Schindelberg,2.2,2.2,0.0,0.0,920,1088,168,3,33.0,35.0,2.2,46.991004943847656,8.014798164367676,LU
Brunni,Alpthal,Alpthal,1.3,1.1,0.2,0.0,1100,1200,100,1,28.0,30.0,2.2,47.08804702758789,8.721955299377441,SZ
Nods,,Nods,2.0,1.2,0.8,0.0,950,1025,75,3,16.0,17.0,2.2,47.13296127319336,7.106325626373291,BE
Heiti,Gsteig,Gsteig,1.3,0.7,0.6,0.0,1227,1370,143,1,84.0,90.0,2.2,46.88728713989258,7.940474987030029,LU
Schafmatt,Oltingen,Oltingen,1.0,0.6,0.4,0.0,730,857,127,1,12.0,13.0,2.2,47.43260955810547,7.9346923828125,BL
Friherrenberg,Einsiedeln,Einsiedeln,2.0,2.0,0.0,0.0,918,1113,195,2,27.0,29.0,2.2,47.13535690307617,8.762859344482422,SZ
Nollen,Unterägeri,Unterägeri,2.0,2.0,0.0,0.0,765,1046,281,2,20.0,21.0,2.2,47.11505889892578,8.60737133026123,ZG
Schwellbrunn,,Schwellbrunn,1.0,1.0,0.0,0.0,1022,1084,62,1,28.0,30.0,2.2,47.35642623901367,9.246505737304688,AR
Lüina,Airolo,Airolo,1.0,1.0,0.0,0.0,1180,1250,70,2,22.0,23.0,2.2,46.52952194213867,8.603241920471191,TI
Heimenschwand,Buchholterberg,Buchholterberg,1.0,1.0,0.0,0.0,1005,1183,178,1,28.0,30.0,2.2,46.810279846191406,7.674251079559326,BE
Hätzingen,Loh,Loh,1.0,1.0,0.0,0.0,615,701,86,1,14.0,15.0,2.2,46.995765686035156,8.419697761535645,NW
La Lorette,Bourg-Saint-Pierre,Bourg-Saint-Pierre,1.0,1.0,0.0,0.0,1550,1600,50,1,15.0,16.0,2.2,45.89531326293945,7.182081699371338,VS
Föhrlimatt,Wegenstetten,Wegenstetten,1.0,1.0,0.0,0.0,500,575,75,1,18.0,19.0,2.2,47.500648498535156,7.934121608734131,AG
Péra,Trun,Trun,1.2,1.2,0.0,0.0,920,1040,120,1,24.0,26.0,2.2,46.7415885925293,8.989042282104492,GR
Mogno,,Mogno,1.5,1.2,0.3,0.0,1150,1275,125,2,16.0,17.0,2.2,46.430362701416016,8.663241386413574,TI
Téléconthey,Mayens de Conthey,Mayens de Conthey,1.0,1.0,0.0,0.0,1281,1439,158,1,20.0,21.0,2.2,46.258323669433594,7.301290512084961,VS
Tristeli,St. Margrethenberg,St. Margrethenberg,1.0,1.0,0.0,0.0,1195,1447,252,1,28.0,30.0,2.2,46.981910705566406,9.502069473266602,SG
Müsella,La Punt,La Punt,1.0,1.0,0.0,0.0,1698,1787,89,2,34.0,36.0,2.2,46.57931137084961,9.925104141235352,GR
Dreieck,Glarus,Glarus,1.0,1.0,0.0,0.0,513,682,169,1,18.0,19.0,2.2,47.03010559082031,9.067581176757812,GL
Hapfere,Plaffeien,Plaffeien,1.0,1.0,0.0,0.0,850,935,85,1,20.0,21.0,2.2,46.72721862792969,7.2858171463012695,FR
Chuderhüsi,Röthenbach,Röthenbach,1.0,1.0,0.0,0.0,1018,1091,73,1,24.0,26.0,2.2,46.85408401489258,7.741570949554443,BE
Buchserberg-Malbun,Buchs,Buchs,1.2,1.2,0.0,0.0,1379,1485,106,1,18.0,19.0,2.2,47.151493072509766,9.443316459655762,SG
Sattelegg,Vorderthal,Vorderthal,1.0,1.0,0.0,0.0,1180,1220,40,1,18.0,19.0,2.2,47.111228942871094,8.865395545959473,SZ
Vögelinsegg,Speicher,Speicher,1.0,1.0,0.0,0.0,970,1030,60,1,26.0,28.0,2.2,47.40765380859375,9.442896842956543,AR
Hemberg,,Hemberg,1.5,1.5,0.0,0.0,900,1193,293,2,27.0,29.0,2.2,47.30722427368164,9.177638053894043,SG
Gais,,Gais,1.0,1.0,0.0,0.0,937,1025,88,1,,,2.2,47.080360412597656,7.845096111297607,BE
Survih,Samedan,Samedan,1.5,1.5,0.0,0.0,1760,1912,152,3,39.0,42.0,2.2,46.53992462158203,9.877641677856445,GR
Bennau,Einsiedeln,Einsiedeln,1.0,1.0,0.0,0.0,882,1056,174,3,34.0,36.0,2.2,47.13535690307617,8.762859344482422,SZ
Les Verrières,,Les Verrières,1.8,1.6,0.2,0.0,920,1010,90,2,10.0,11.0,2.2,46.88554763793945,6.491994857788086,NE
Urnäsch,Osteregg,Osteregg,1.7,1.7,0.0,0.0,850,1080,230,2,27.0,29.0,2.2,47.30386734008789,9.290077209472656,AR
Mont Gibloux,,Mont Gibloux,1.4,1.0,0.4,0.0,965,1152,187,2,18.0,19.0,2.2,46.727500915527344,7.049309253692627,FR
Ischgl,Silvretta,Silvretta,239.0,47.0,140.0,52.0,1360,2872,1512,46,76.0,81.32,4.8,46.86532211303711,9.881555557250977,GR
Kleine Scheidegg,Grindelwald,Grindelwald,102.0,33.0,56.0,13.0,944,2400,1456,23,79.0,84.0,4.2,47.032752990722656,8.096479415893555,LU
Arosa,,Arosa,225.0,110.0,87.0,28.0,1229,2865,1636,43,89.0,95.0,4.7,46.792945861816406,9.699030876159668,GR
Aletsch Arena,Riederalp,Riederalp,104.0,42.0,50.0,12.0,1845,2869,1024,35,66.0,70.0,4.4,46.37905502319336,8.026102066040039,VS
First,Grindelwald,Grindelwald,49.0,30.0,11.0,8.0,1050,2500,1450,10,79.0,84.0,,47.032752990722656,8.096479415893555,LU
Pizol,Bad Ragaz,Bad Ragaz,50.0,15.5,21.5,13.0,510,2227,1717,12,67.0,72.0,,46.99177932739258,9.52120304107666,SG
Wildhaus,Gamserrugg,Gamserrugg,23.0,3.0,17.0,3.0,1020,2076,1056,6,61.0,65.0,3.9,47.159297943115234,9.337640762329102,SG
Flumserberg,,Flumserberg,65.0,14.0,40.0,11.0,665,2222,1557,17,72.0,77.0,4.2,47.0947265625,9.323103904724121,SG
Hohsaas,Saas-Grund,Saas-Grund,26.1,4.4,19.6,2.1,1559,3200,1641,8,59.0,63.0,3.8,46.11603927612305,7.941812038421631,VS
Sernftal,,Sernftal,40.0,15.0,20.0,5.0,1020,2105,1085,5,53.0,57.0,3.7,46.999935150146484,9.078827857971191,GL
Bellwald,,Bellwald,20.0,10.5,7.8,1.7,1600,2558,958,5,,,3.8,46.42961120605469,8.155799865722656,VS
St. Moritz,Corviglia,Corviglia,155.0,42.0,79.0,34.0,1772,3057,1285,23,,,4.7,46.503509521484375,9.823087692260742,GR
Zermatt,Zermatt,Zermatt,322.0,75.0,220.0,27.0,1562,3899,2337,51,103.0,110.0,4.5,45.937442779541016,7.729304790496826,VS
Laax,,Laax,224.0,97.0,76.0,51.0,1100,3018,1918,30,,,4.5,46.818084716796875,9.264965057373047,GR
Adelboden,Adelboden,Adelboden,86.0,46.0,34.0,6.0,1260,2200,940,25,60.0,64.0,4.4,47.06343460083008,8.622342109680176,SZ
Andermatt,,Andermatt,70.0,18.0,40.0,12.0,1444,2600,1156,13,89.0,95.0,4.4,46.58613204956055,8.660548210144043,UR
4 Vallées,Verbier,Verbier,412.0,107.0,202.0,103.0,1350,3330,1980,68,89.0,95.0,4.3,46.09180450439453,7.220047473907471,VS
Scuol,Motta Naluns,Motta Naluns,70.0,27.0,32.0,11.0,1250,2785,1535,12,69.0,74.0,4.3,46.811153411865234,10.272025108337402,GR
Titlis,Engelberg,Engelberg,70.0,18.0,42.5,9.5,1003,3020,2017,18,,,4.3,47.18781280517578,8.010319709777832,LU
Les Portes du Soleil,Val-d'Illiez,Val-d'Illiez,580.0,310.0,210.0,60.0,985,2254,1269,165,70.0,74.9,4.3,46.19984817504883,6.892393112182617,VS
Parsenn,,Parsenn,95.5,17.3,60.5,17.7,810,2844,2034,18,84.0,90.0,4.2,46.81085205078125,9.845303535461426,GR
Obersaxen,,Obersaxen,120.0,60.0,40.0,20.0,1201,2310,1109,15,65.0,69.0,4.2,46.743961334228516,9.071603775024414,GR
Jakobshorn,,Jakobshorn,41.2,25.5,13.2,2.5,1535,2568,1033,13,84.0,90.0,4.2,46.7722282409668,9.848581314086914,GR
Grimentz,,Grimentz,115.0,26.5,58.6,29.9,1570,2900,1330,21,72.0,77.0,4.2,46.17955017089844,7.574294090270996,VS
Belalp,Blatten,Blatten,38.5,15.1,12.1,11.3,1322,3118,1796,13,71.0,76.0,4.1,46.79722213745117,8.013700485229492,LU
Corvatsch,,Corvatsch,120.0,13.0,89.3,17.7,1797,3303,1506,14,,,4.1,46.417972564697266,9.821471214294434,GR
Brigels,,Brigels,40.0,11.0,26.0,3.0,1102,2418,1316,10,65.0,69.0,,46.76862335205078,9.061051368713379,GR
Rinderberg,Zweisimmen,Zweisimmen,88.9,64.3,20.6,4.0,948,2011,1063,15,84.0,90.0,,46.582088470458984,7.416720867156982,BE
Saas-Fee,,Saas-Fee,100.0,20.0,60.0,20.0,1800,3573,1773,23,82.0,88.0,,46.11110305786133,7.92970085144043,VS
Stoos,Fronalpstock,Fronalpstock,35.0,4.0,21.0,10.0,1300,1935,635,8,58.0,62.0,3.8,46.96971893310547,8.637025833129883,SZ
Hoch-Ybrig,Unteriberg,Unteriberg,50.0,15.0,30.0,5.0,1040,1831,791,12,59.0,63.0,3.8,47.0718879699707,8.803396224975586,SZ
Lauchernalp,Lötschental,Lötschental,40.0,18.0,15.0,7.0,1403,3100,1697,6,,,3.8,46.31977844238281,7.751288414001465,VS
Meiringen,,Meiringen,60.0,20.0,34.0,6.0,1065,2433,1368,13,62.0,66.0,3.8,46.731685638427734,8.179577827453613,BE
Schilthorn,Mürren,Mürren,54.0,19.0,23.0,12.0,796,2970,2174,16,79.0,84.0,3.7,46.55590057373047,7.8850555419921875,BE
Madrisa,,Madrisa,22.9,6.2,9.2,7.5,1142,2602,1460,8,70.0,75.0,3.7,46.80320739746094,9.837043762207031,GR
Crans-Montana,,Crans-Montana,140.0,55.0,70.0,15.0,1510,2927,1417,19,89.0,95.0,3.7,46.313446044921875,7.500048637390137,VS
Disentis,,Disentis,60.0,20.0,30.0,10.0,1227,2833,1606,12,64.0,68.0,3.7,46.707218170166016,8.863862037658691,GR
Zuoz,Pizzet,Pizzet,15.0,9.0,3.0,3.0,1720,2465,745,5,56.0,60.0,3.6,46.60713195800781,10.372923851013184,GR
Gemsstock,Andermatt,Andermatt,31.0,0.0,14.0,17.0,1444,2961,1517,4,89.0,95.0,3.6,46.58613204956055,8.660548210144043,UR
Grüsch,,Grüsch,34.0,8.0,20.0,6.0,600,1800,1200,6,61.0,65.0,3.6,46.9788818359375,9.653074264526367,GR
Savognin,,Savognin,73.5,32.5,38.0,3.0,1168,2713,1545,12,,,3.6,46.5943489074707,9.618587493896484,GR
Diavolezza,,Diavolezza,35.0,0.0,27.0,8.0,2093,3006,913,5,,,3.6,46.41194534301758,9.965065956115723,GR
Villars,,Villars,84.0,43.0,38.0,3.0,1224,2120,896,25,69.0,74.0,3.5,46.6763916015625,6.500712871551514,VD
Splügen,Tambo,Tambo,30.0,12.0,12.0,6.0,1484,2215,731,7,61.0,65.0,3.5,47.42216110229492,9.356719017028809,SG
Eggli,Gstaad,Gstaad,58.0,35.2,17.4,5.4,992,2151,1159,9,84.0,90.0,3.5,46.483219146728516,7.274813652038574,BE
Rinerhorn,,Rinerhorn,51.5,15.6,23.1,12.8,1459,2490,1031,7,66.0,70.0,3.5,46.743492126464844,9.78531551361084,GR
Grächen,,Grächen,44.0,9.0,33.0,2.0,1619,2864,1245,11,69.0,74.0,3.4,46.188140869140625,7.831043243408203,VS
Anzère,,Anzère,58.0,12.0,37.0,9.0,1516,2420,904,13,65.0,69.0,3.4,46.29863357543945,7.406392574310303,VS
Chäserrugg,Unterwasser,Unterwasser,50.0,8.0,40.0,2.0,900,2262,1362,12,52.0,56.0,3.3,47.18274688720703,9.32045841217041,SG
Bürchen,Moosalp,Moosalp,25.0,10.0,10.0,5.0,1476,2532,1056,8,49.0,52.0,3.3,46.236942291259766,7.852542877197266,VS
